{
  "frozen_phase": {
    "accuracy": [
      0.690101146697998,
      0.7957020401954651,
      0.816705584526062,
      0.8250680565834045,
      0.8334305882453918,
      0.838195264339447,
      0.8342084884643555,
      0.8477246165275574,
      0.8443212509155273,
      0.8496693968772888,
      0.8518086075782776,
      0.8439323306083679
    ],
    "auc": [
      0.7737433910369873,
      0.8872827291488647,
      0.9070876240730286,
      0.9104689359664917,
      0.9194813370704651,
      0.920576274394989,
      0.9193680882453918,
      0.9268462657928467,
      0.9283918738365173,
      0.9295629262924194,
      0.9301741719245911,
      0.9285188913345337
    ],
    "loss": [
      0.5789441466331482,
      0.4554811418056488,
      0.41021227836608887,
      0.3942273259162903,
      0.373854398727417,
      0.36681076884269714,
      0.36663806438446045,
      0.3512313961982727,
      0.34693974256515503,
      0.3429698348045349,
      0.34073665738105774,
      0.34308215975761414
    ],
    "precision": [
      0.7537019848823547,
      0.8474079370498657,
      0.8624118566513062,
      0.8675282597541809,
      0.8757864236831665,
      0.8783541917800903,
      0.873284637928009,
      0.8883703947067261,
      0.8795756101608276,
      0.8891872763633728,
      0.8892055749893188,
      0.8826048374176025
    ],
    "recall": [
      0.6822192072868347,
      0.7848659753799438,
      0.8092975616455078,
      0.8199864029884338,
      0.826603353023529,
      0.833050549030304,
      0.8313539028167725,
      0.8398371338844299,
      0.8439090847969055,
      0.8427214026451111,
      0.8469629883766174,
      0.8393281102180481
    ],
    "val_accuracy": [
      0.8405994772911072,
      0.8505903482437134,
      0.8805631399154663,
      0.8673932552337646,
      0.8787465691566467,
      0.8828337788581848,
      0.8900998830795288,
      0.8778383135795593,
      0.8742052912712097,
      0.8873751163482666,
      0.8828337788581848,
      0.8841961622238159
    ],
    "val_auc": [
      0.9267740249633789,
      0.9408478140830994,
      0.9567875862121582,
      0.9511932134628296,
      0.956683874130249,
      0.9615006446838379,
      0.9680918455123901,
      0.9588044285774231,
      0.9613502025604248,
      0.9675102233886719,
      0.9640173316001892,
      0.965674638748169
    ],
    "val_loss": [
      0.4699693024158478,
      0.3832956850528717,
      0.3449317514896393,
      0.34333303570747375,
      0.3194543123245239,
      0.30509763956069946,
      0.2877582907676697,
      0.2902432680130005,
      0.2873239815235138,
      0.2707672715187073,
      0.27112746238708496,
      0.26698824763298035
    ],
    "val_precision": [
      0.941804051399231,
      0.860788881778717,
      0.9084219336509705,
      0.9152397513389587,
      0.9170159101486206,
      0.9275979399681091,
      0.9366438388824463,
      0.8658806085586548,
      0.9053497910499573,
      0.8700730204582214,
      0.8891472816467285,
      0.8782870173454285
    ],
    "val_recall": [
      0.7694136500358582,
      0.8819334506988525,
      0.8803486824035645,
      0.8470681309700012,
      0.8668779730796814,
      0.8629159927368164,
      0.8668779730796814,
      0.9310618042945862,
      0.8716323375701904,
      0.9445325136184692,
      0.9088748097419739,
      0.9263074398040771
    ],
    "learning_rate": [
      0.0010000000474974513,
      0.0010000000474974513,
      0.0010000000474974513,
      0.0010000000474974513,
      0.0010000000474974513,
      0.0010000000474974513,
      0.0010000000474974513,
      0.0010000000474974513,
      0.0010000000474974513,
      0.0010000000474974513,
      0.0010000000474974513,
      0.0010000000474974513
    ]
  },
  "finetune_phase": {
    "accuracy": [
      0.7915208339691162,
      0.832263708114624,
      0.8573512434959412,
      0.8714507818222046,
      0.8792298436164856,
      0.8876895904541016,
      0.8942046165466309,
      0.9073317646980286,
      0.9072345495223999,
      0.9149163961410522
    ],
    "auc": [
      0.8784194588661194,
      0.9169009923934937,
      0.9369401931762695,
      0.9493330717086792,
      0.9556114673614502,
      0.960212767124176,
      0.9622782468795776,
      0.9700322151184082,
      0.971875786781311,
      0.9745813608169556
    ],
    "loss": [
      0.43662407994270325,
      0.3661622107028961,
      0.3212509751319885,
      0.29083386063575745,
      0.2724485993385315,
      0.25813746452331543,
      0.25034448504447937,
      0.22557497024536133,
      0.21806225180625916,
      0.2071438729763031
    ],
    "precision": [
      0.838447630405426,
      0.8722985982894897,
      0.8900440335273743,
      0.9069063663482666,
      0.9066433310508728,
      0.9154830574989319,
      0.9208406209945679,
      0.9297268986701965,
      0.9295651912689209,
      0.9348466396331787
    ],
    "recall": [
      0.7880895733833313,
      0.8286392688751221,
      0.8569731712341309,
      0.8644384145736694,
      0.8798778653144836,
      0.8858160972595215,
      0.8920936584472656,
      0.9068544507026672,
      0.9068544507026672,
      0.9153376221656799
    ],
    "val_accuracy": [
      0.8923705816268921,
      0.8878292441368103,
      0.8905540704727173,
      0.9191644191741943,
      0.9327883720397949,
      0.9405086040496826,
      0.9259763956069946,
      0.9427793025970459,
      0.9323342442512512,
      0.9414169192314148
    ],
    "val_auc": [
      0.9590463042259216,
      0.966401219367981,
      0.9737207889556885,
      0.9797905683517456,
      0.9842460751533508,
      0.9877533316612244,
      0.987282931804657,
      0.9897785782814026,
      0.9905868768692017,
      0.9917827248573303
    ],
    "val_loss": [
      0.29405680298805237,
      0.2552967071533203,
      0.22848203778266907,
      0.21098600327968597,
      0.19213850796222687,
      0.17567622661590576,
      0.17998583614826202,
      0.16133137047290802,
      0.16862919926643372,
      0.1556106060743332
    ],
    "val_precision": [
      0.9232039451599121,
      0.8943278789520264,
      0.8942084908485413,
      0.89677894115448,
      0.914434552192688,
      0.9235954880714417,
      0.9025641083717346,
      0.925787091255188,
      0.8994975090026855,
      0.9108049273490906
    ],
    "val_recall": [
      0.8858954310417175,
      0.91204434633255,
      0.9175911545753479,
      0.9706814289093018,
      0.9738510251045227,
      0.9770206212997437,
      0.9762282371520996,
      0.9786053895950317,
      0.9928684830665588,
      0.995245635509491
    ],
    "learning_rate": [
      9.999999747378752e-06,
      9.999999747378752e-06,
      9.999999747378752e-06,
      9.999999747378752e-06,
      9.999999747378752e-06,
      9.999999747378752e-06,
      9.999999747378752e-06,
      9.999999747378752e-06,
      9.999999747378752e-06,
      9.999999747378752e-06
    ]
  }
}